{
    "$schema": "http://schema.management.azure.com/schemas/2015-01-01/deploymentTemplate.json#",
    "contentVersion": "1.0.0.0",
    "parameters": {
        "factoryName": {
            "type": "string",
            "metadata": "Data Factory name",
            "defaultValue": "sharmaadf25"
        },
        "LS_Adls_accountKey": {
            "type": "secureString",
            "metadata": "Secure string for 'accountKey' of 'LS_Adls'"
        },
        "LS_AzureSql_password": {
            "type": "secureString",
            "metadata": "Secure string for 'password' of 'LS_AzureSql'"
        },
        "Sftp1_password": {
            "type": "secureString",
            "metadata": "Secure string for 'password' of 'Sftp1'"
        },
        "LS_RestResource_accountKey": {
            "type": "secureString",
            "metadata": "Secure string for 'accountKey' of 'LS_RestResource'"
        },
        "LS_Adls_properties_typeProperties_url": {
            "type": "string",
            "defaultValue": "https://sgsharma40.dfs.core.windows.net/"
        },
        "LS_AzureSql_properties_typeProperties_server": {
            "type": "string",
            "defaultValue": "harshaserver2025.database.windows.net"
        },
        "LS_AzureSql_properties_typeProperties_database": {
            "type": "string",
            "defaultValue": "harshasha"
        },
        "LS_AzureSql_properties_typeProperties_userName": {
            "type": "string",
            "defaultValue": "harshasha"
        },
        "Sftp1_properties_typeProperties_host": {
            "type": "string",
            "defaultValue": "test.rebex.net"
        },
        "Sftp1_properties_typeProperties_userName": {
            "type": "string",
            "defaultValue": "demo"
        },
        "LS_RestResource_properties_typeProperties_url": {
            "type": "string",
            "defaultValue": "https://sgsharma40.dfs.core.windows.net/"
        },
        "RestService1_properties_typeProperties_url": {
            "type": "string",
            "defaultValue": "https://restcountries.com/v3.1/region/europe"
        },
        "LS_AzureKeyVault_properties_typeProperties_baseUrl": {
            "type": "string",
            "defaultValue": "https://harshaazurekeyvault.vault.azure.net/"
        },
        "AzureSqlDatabase_key Vault_properties_typeProperties_server": {
            "type": "string",
            "defaultValue": "harshaserver2025.database.windows.net"
        },
        "AzureSqlDatabase_key Vault_properties_typeProperties_database": {
            "type": "string",
            "defaultValue": "harshasha"
        },
        "AzureSqlDatabase_key Vault_properties_typeProperties_userName": {
            "type": "string",
            "defaultValue": "harshasha"
        },
        "containerUri": {
            "type": "string",
            "metadata": "URI to storage account containing linked ARM templates"
        },
        "containerSasToken": {
            "type": "string",
            "metadata": "Sas token to storage account containing linked ARM templates"
        }
    },
    "variables": {
        "factoryId": "[concat('Microsoft.DataFactory/factories/', parameters('factoryName'))]"
    },
    "resources": [
        {
            "name": "sharmaadf25_ArmTemplate_0",
            "type": "Microsoft.Resources/deployments",
            "apiVersion": "2024-03-01",
            "properties": {
                "mode": "incremental",
                "templateLink": {
                    "uri": "[concat(parameters('containerUri'), '/ArmTemplate_0.json', parameters('containerSasToken'))]",
                    "contentVersion": "1.0.0.0"
                },
                "parameters": {
                    "factoryName": {
                        "value": "[parameters('factoryName')]"
                    },
                    "LS_Adls_accountKey": {
                        "value": "[parameters('LS_Adls_accountKey')]"
                    },
                    "LS_AzureSql_password": {
                        "value": "[parameters('LS_AzureSql_password')]"
                    },
                    "Sftp1_password": {
                        "value": "[parameters('Sftp1_password')]"
                    },
                    "LS_RestResource_accountKey": {
                        "value": "[parameters('LS_RestResource_accountKey')]"
                    },
                    "LS_Adls_properties_typeProperties_url": {
                        "value": "[parameters('LS_Adls_properties_typeProperties_url')]"
                    },
                    "LS_AzureSql_properties_typeProperties_server": {
                        "value": "[parameters('LS_AzureSql_properties_typeProperties_server')]"
                    },
                    "LS_AzureSql_properties_typeProperties_database": {
                        "value": "[parameters('LS_AzureSql_properties_typeProperties_database')]"
                    },
                    "LS_AzureSql_properties_typeProperties_userName": {
                        "value": "[parameters('LS_AzureSql_properties_typeProperties_userName')]"
                    },
                    "Sftp1_properties_typeProperties_host": {
                        "value": "[parameters('Sftp1_properties_typeProperties_host')]"
                    },
                    "Sftp1_properties_typeProperties_userName": {
                        "value": "[parameters('Sftp1_properties_typeProperties_userName')]"
                    },
                    "LS_RestResource_properties_typeProperties_url": {
                        "value": "[parameters('LS_RestResource_properties_typeProperties_url')]"
                    },
                    "RestService1_properties_typeProperties_url": {
                        "value": "[parameters('RestService1_properties_typeProperties_url')]"
                    },
                    "LS_AzureKeyVault_properties_typeProperties_baseUrl": {
                        "value": "[parameters('LS_AzureKeyVault_properties_typeProperties_baseUrl')]"
                    }
                }
            },
            "dependsOn": []
        },
        {
            "name": "sharmaadf25_ArmTemplate_1",
            "type": "Microsoft.Resources/deployments",
            "apiVersion": "2024-03-01",
            "properties": {
                "mode": "incremental",
                "templateLink": {
                    "uri": "[concat(parameters('containerUri'), '/ArmTemplate_1.json', parameters('containerSasToken'))]",
                    "contentVersion": "1.0.0.0"
                },
                "parameters": {
                    "factoryName": {
                        "value": "[parameters('factoryName')]"
                    },
                    "AzureSqlDatabase_key Vault_properties_typeProperties_server": {
                        "value": "[parameters('AzureSqlDatabase_key Vault_properties_typeProperties_server')]"
                    },
                    "AzureSqlDatabase_key Vault_properties_typeProperties_database": {
                        "value": "[parameters('AzureSqlDatabase_key Vault_properties_typeProperties_database')]"
                    },
                    "AzureSqlDatabase_key Vault_properties_typeProperties_userName": {
                        "value": "[parameters('AzureSqlDatabase_key Vault_properties_typeProperties_userName')]"
                    }
                }
            },
            "dependsOn": [
                "[resourceId('Microsoft.Resources/deployments', 'sharmaadf25_ArmTemplate_0')]"
            ]
        }
    ]
}