{
    "$schema": "http://schema.management.azure.com/schemas/2015-01-01/deploymentTemplate.json#",
    "contentVersion": "1.0.0.0",
    "parameters": {
        "factoryName": {
            "type": "string",
            "metadata": "Data Factory name",
            "defaultValue": "sharmaadf25"
        },
        "LS_Adls_accountKey": {
            "type": "secureString",
            "metadata": "Secure string for 'accountKey' of 'LS_Adls'"
        },
        "LS_AzureSql_password": {
            "type": "secureString",
            "metadata": "Secure string for 'password' of 'LS_AzureSql'"
        },
        "Sftp1_password": {
            "type": "secureString",
            "metadata": "Secure string for 'password' of 'Sftp1'"
        },
        "LS_RestResource_accountKey": {
            "type": "secureString",
            "metadata": "Secure string for 'accountKey' of 'LS_RestResource'"
        },
        "LS_Adls_properties_typeProperties_url": {
            "type": "string",
            "defaultValue": "https://sgsharma40.dfs.core.windows.net/"
        },
        "LS_AzureSql_properties_typeProperties_server": {
            "type": "string",
            "defaultValue": "harshaserver2025.database.windows.net"
        },
        "LS_AzureSql_properties_typeProperties_database": {
            "type": "string",
            "defaultValue": "harshasha"
        },
        "LS_AzureSql_properties_typeProperties_userName": {
            "type": "string",
            "defaultValue": "harshasha"
        },
        "Sftp1_properties_typeProperties_host": {
            "type": "string",
            "defaultValue": "test.rebex.net"
        },
        "Sftp1_properties_typeProperties_userName": {
            "type": "string",
            "defaultValue": "demo"
        },
        "LS_RestResource_properties_typeProperties_url": {
            "type": "string",
            "defaultValue": "https://sgsharma40.dfs.core.windows.net/"
        },
        "RestService1_properties_typeProperties_url": {
            "type": "string",
            "defaultValue": "https://restcountries.com/v3.1/region/europe"
        },
        "LS_AzureKeyVault_properties_typeProperties_baseUrl": {
            "type": "string",
            "defaultValue": "https://harshaazurekeyvault.vault.azure.net/"
        }
    },
    "variables": {
        "factoryId": "[concat('Microsoft.DataFactory/factories/', parameters('factoryName'))]"
    },
    "resources": [
        {
            "name": "[concat(parameters('factoryName'), '/LS_Adls')]",
            "type": "Microsoft.DataFactory/factories/linkedServices",
            "apiVersion": "2018-06-01",
            "properties": {
                "annotations": [],
                "type": "AzureBlobFS",
                "typeProperties": {
                    "url": "[parameters('LS_Adls_properties_typeProperties_url')]",
                    "accountKey": {
                        "type": "SecureString",
                        "value": "[parameters('LS_Adls_accountKey')]"
                    }
                }
            },
            "dependsOn": []
        },
        {
            "name": "[concat(parameters('factoryName'), '/LS_AzureSql')]",
            "type": "Microsoft.DataFactory/factories/linkedServices",
            "apiVersion": "2018-06-01",
            "properties": {
                "annotations": [],
                "type": "AzureSqlDatabase",
                "typeProperties": {
                    "server": "[parameters('LS_AzureSql_properties_typeProperties_server')]",
                    "database": "[parameters('LS_AzureSql_properties_typeProperties_database')]",
                    "encrypt": "mandatory",
                    "trustServerCertificate": false,
                    "authenticationType": "SQL",
                    "userName": "[parameters('LS_AzureSql_properties_typeProperties_userName')]",
                    "password": {
                        "type": "SecureString",
                        "value": "[parameters('LS_AzureSql_password')]"
                    }
                }
            },
            "dependsOn": []
        },
        {
            "name": "[concat(parameters('factoryName'), '/Sftp1')]",
            "type": "Microsoft.DataFactory/factories/linkedServices",
            "apiVersion": "2018-06-01",
            "properties": {
                "annotations": [],
                "type": "Sftp",
                "typeProperties": {
                    "host": "[parameters('Sftp1_properties_typeProperties_host')]",
                    "port": "22",
                    "skipHostKeyValidation": true,
                    "authenticationType": "Basic",
                    "userName": "[parameters('Sftp1_properties_typeProperties_userName')]",
                    "password": {
                        "type": "SecureString",
                        "value": "[parameters('Sftp1_password')]"
                    }
                }
            },
            "dependsOn": []
        },
        {
            "name": "[concat(parameters('factoryName'), '/LS_RestResource')]",
            "type": "Microsoft.DataFactory/factories/linkedServices",
            "apiVersion": "2018-06-01",
            "properties": {
                "annotations": [],
                "type": "AzureBlobFS",
                "typeProperties": {
                    "url": "[parameters('LS_RestResource_properties_typeProperties_url')]",
                    "accountKey": {
                        "type": "SecureString",
                        "value": "[parameters('LS_RestResource_accountKey')]"
                    }
                }
            },
            "dependsOn": []
        },
        {
            "name": "[concat(parameters('factoryName'), '/RestService1')]",
            "type": "Microsoft.DataFactory/factories/linkedServices",
            "apiVersion": "2018-06-01",
            "properties": {
                "annotations": [],
                "type": "RestService",
                "typeProperties": {
                    "url": "[parameters('RestService1_properties_typeProperties_url')]",
                    "enableServerCertificateValidation": true,
                    "authenticationType": "Anonymous"
                }
            },
            "dependsOn": []
        },
        {
            "name": "[concat(parameters('factoryName'), '/LS_AzureKeyVault')]",
            "type": "Microsoft.DataFactory/factories/linkedServices",
            "apiVersion": "2018-06-01",
            "properties": {
                "annotations": [],
                "type": "AzureKeyVault",
                "typeProperties": {
                    "baseUrl": "[parameters('LS_AzureKeyVault_properties_typeProperties_baseUrl')]"
                }
            },
            "dependsOn": []
        },
        {
            "name": "[concat(parameters('factoryName'), '/DS_copy')]",
            "type": "Microsoft.DataFactory/factories/datasets",
            "apiVersion": "2018-06-01",
            "properties": {
                "linkedServiceName": {
                    "referenceName": "LS_Adls",
                    "type": "LinkedServiceReference"
                },
                "parameters": {
                    "P_name": {
                        "type": "string"
                    }
                },
                "annotations": [],
                "type": "DelimitedText",
                "typeProperties": {
                    "location": {
                        "type": "AzureBlobFSLocation",
                        "fileName": {
                            "value": "@dataset().P_name",
                            "type": "Expression"
                        },
                        "fileSystem": "source"
                    },
                    "columnDelimiter": ",",
                    "escapeChar": "\\",
                    "firstRowAsHeader": true,
                    "quoteChar": "\""
                },
                "schema": []
            },
            "dependsOn": [
                "[concat(variables('factoryId'), '/linkedServices/LS_Adls')]"
            ]
        },
        {
            "name": "[concat(parameters('factoryName'), '/DS_Sink')]",
            "type": "Microsoft.DataFactory/factories/datasets",
            "apiVersion": "2018-06-01",
            "properties": {
                "linkedServiceName": {
                    "referenceName": "LS_Adls",
                    "type": "LinkedServiceReference"
                },
                "annotations": [],
                "type": "DelimitedText",
                "typeProperties": {
                    "location": {
                        "type": "AzureBlobFSLocation",
                        "folderPath": "Incremental",
                        "fileSystem": "destination"
                    },
                    "columnDelimiter": ",",
                    "escapeChar": "\\",
                    "firstRowAsHeader": false,
                    "quoteChar": "\""
                },
                "schema": []
            },
            "dependsOn": [
                "[concat(variables('factoryId'), '/linkedServices/LS_Adls')]"
            ]
        },
        {
            "name": "[concat(parameters('factoryName'), '/Ds_sinkcsv')]",
            "type": "Microsoft.DataFactory/factories/datasets",
            "apiVersion": "2018-06-01",
            "properties": {
                "linkedServiceName": {
                    "referenceName": "LS_Adls",
                    "type": "LinkedServiceReference"
                },
                "parameters": {
                    "p_name": {
                        "type": "string"
                    }
                },
                "annotations": [],
                "type": "DelimitedText",
                "typeProperties": {
                    "location": {
                        "type": "AzureBlobFSLocation",
                        "fileName": {
                            "value": "@dataset().p_name",
                            "type": "Expression"
                        },
                        "folderPath": "delete file",
                        "fileSystem": "destination"
                    },
                    "columnDelimiter": ",",
                    "escapeChar": "\\",
                    "firstRowAsHeader": true,
                    "quoteChar": "\""
                },
                "schema": [
                    {
                        "name": "Region",
                        "type": "String"
                    },
                    {
                        "name": "Country",
                        "type": "String"
                    },
                    {
                        "name": "ItemType",
                        "type": "String"
                    },
                    {
                        "name": "SalesChannel",
                        "type": "String"
                    },
                    {
                        "name": "OrderPriority",
                        "type": "String"
                    },
                    {
                        "name": "OrderID",
                        "type": "String"
                    },
                    {
                        "name": "UnitsSold",
                        "type": "String"
                    },
                    {
                        "name": "UnitPrice",
                        "type": "String"
                    },
                    {
                        "name": "UnitCost",
                        "type": "String"
                    },
                    {
                        "name": "TotalRevenue",
                        "type": "String"
                    },
                    {
                        "name": "TotalCost",
                        "type": "String"
                    },
                    {
                        "name": "TotalProfit",
                        "type": "String"
                    },
                    {
                        "name": "ShippingCost",
                        "type": "String"
                    }
                ]
            },
            "dependsOn": [
                "[concat(variables('factoryId'), '/linkedServices/LS_Adls')]"
            ]
        },
        {
            "name": "[concat(parameters('factoryName'), '/DS_getdata')]",
            "type": "Microsoft.DataFactory/factories/datasets",
            "apiVersion": "2018-06-01",
            "properties": {
                "linkedServiceName": {
                    "referenceName": "LS_Adls",
                    "type": "LinkedServiceReference"
                },
                "annotations": [],
                "type": "DelimitedText",
                "typeProperties": {
                    "location": {
                        "type": "AzureBlobFSLocation",
                        "fileSystem": "source"
                    },
                    "columnDelimiter": ",",
                    "escapeChar": "\\",
                    "firstRowAsHeader": true,
                    "quoteChar": "\""
                },
                "schema": [
                    {
                        "name": "id",
                        "type": "String"
                    },
                    {
                        "name": "first_name",
                        "type": "String"
                    },
                    {
                        "name": "last_name",
                        "type": "String"
                    },
                    {
                        "name": "email",
                        "type": "String"
                    },
                    {
                        "name": "gender",
                        "type": "String"
                    },
                    {
                        "name": "salary",
                        "type": "String"
                    },
                    {
                        "name": "creationDate",
                        "type": "String"
                    },
                    {
                        "name": "bonus",
                        "type": "String"
                    }
                ]
            },
            "dependsOn": [
                "[concat(variables('factoryId'), '/linkedServices/LS_Adls')]"
            ]
        },
        {
            "name": "[concat(parameters('factoryName'), '/DS_getdatacopy')]",
            "type": "Microsoft.DataFactory/factories/datasets",
            "apiVersion": "2018-06-01",
            "properties": {
                "linkedServiceName": {
                    "referenceName": "LS_Adls",
                    "type": "LinkedServiceReference"
                },
                "parameters": {
                    "P_name": {
                        "type": "string"
                    }
                },
                "annotations": [],
                "type": "DelimitedText",
                "typeProperties": {
                    "location": {
                        "type": "AzureBlobFSLocation",
                        "fileName": {
                            "value": "@dataset().P_name",
                            "type": "Expression"
                        },
                        "fileSystem": "source"
                    },
                    "columnDelimiter": ",",
                    "escapeChar": "\\",
                    "firstRowAsHeader": true,
                    "quoteChar": "\""
                },
                "schema": [
                    {
                        "name": "id",
                        "type": "String"
                    },
                    {
                        "name": "first_name",
                        "type": "String"
                    },
                    {
                        "name": "last_name",
                        "type": "String"
                    },
                    {
                        "name": "email",
                        "type": "String"
                    },
                    {
                        "name": "gender",
                        "type": "String"
                    },
                    {
                        "name": "salary",
                        "type": "String"
                    },
                    {
                        "name": "creationDate",
                        "type": "String"
                    },
                    {
                        "name": "bonus",
                        "type": "String"
                    }
                ]
            },
            "dependsOn": [
                "[concat(variables('factoryId'), '/linkedServices/LS_Adls')]"
            ]
        },
        {
            "name": "[concat(parameters('factoryName'), '/DS_delcopy')]",
            "type": "Microsoft.DataFactory/factories/datasets",
            "apiVersion": "2018-06-01",
            "properties": {
                "linkedServiceName": {
                    "referenceName": "LS_Adls",
                    "type": "LinkedServiceReference"
                },
                "annotations": [],
                "type": "DelimitedText",
                "typeProperties": {
                    "location": {
                        "type": "AzureBlobFSLocation",
                        "fileName": "Raw.txt",
                        "fileSystem": "source"
                    },
                    "columnDelimiter": ",",
                    "escapeChar": "\\",
                    "firstRowAsHeader": true,
                    "quoteChar": "\""
                },
                "schema": [
                    {
                        "name": "Region",
                        "type": "String"
                    },
                    {
                        "name": "Country",
                        "type": "String"
                    },
                    {
                        "name": "ItemType",
                        "type": "String"
                    },
                    {
                        "name": "SalesChannel",
                        "type": "String"
                    },
                    {
                        "name": "OrderPriority",
                        "type": "String"
                    },
                    {
                        "name": "OrderID",
                        "type": "String"
                    },
                    {
                        "name": "UnitsSold",
                        "type": "String"
                    },
                    {
                        "name": "UnitPrice",
                        "type": "String"
                    },
                    {
                        "name": "UnitCost",
                        "type": "String"
                    },
                    {
                        "name": "TotalRevenue",
                        "type": "String"
                    },
                    {
                        "name": "TotalCost",
                        "type": "String"
                    },
                    {
                        "name": "TotalProfit",
                        "type": "String"
                    },
                    {
                        "name": "ShippingCost",
                        "type": "String"
                    }
                ]
            },
            "dependsOn": [
                "[concat(variables('factoryId'), '/linkedServices/LS_Adls')]"
            ]
        },
        {
            "name": "[concat(parameters('factoryName'), '/DS_lookup')]",
            "type": "Microsoft.DataFactory/factories/datasets",
            "apiVersion": "2018-06-01",
            "properties": {
                "linkedServiceName": {
                    "referenceName": "LS_Adls",
                    "type": "LinkedServiceReference"
                },
                "annotations": [],
                "type": "DelimitedText",
                "typeProperties": {
                    "location": {
                        "type": "AzureBlobFSLocation",
                        "fileName": "Raw.txt",
                        "fileSystem": "source"
                    },
                    "columnDelimiter": ",",
                    "escapeChar": "\\",
                    "firstRowAsHeader": false,
                    "quoteChar": "\""
                },
                "schema": []
            },
            "dependsOn": [
                "[concat(variables('factoryId'), '/linkedServices/LS_Adls')]"
            ]
        },
        {
            "name": "[concat(parameters('factoryName'), '/DS_ADLsSink')]",
            "type": "Microsoft.DataFactory/factories/datasets",
            "apiVersion": "2018-06-01",
            "properties": {
                "linkedServiceName": {
                    "referenceName": "LS_Adls",
                    "type": "LinkedServiceReference"
                },
                "parameters": {
                    "P_name": {
                        "type": "string"
                    }
                },
                "annotations": [],
                "type": "DelimitedText",
                "typeProperties": {
                    "location": {
                        "type": "AzureBlobFSLocation",
                        "fileName": {
                            "value": "@dataset().P_name",
                            "type": "Expression"
                        },
                        "folderPath": "Sqlserver",
                        "fileSystem": "destination"
                    },
                    "columnDelimiter": ",",
                    "escapeChar": "\\",
                    "firstRowAsHeader": true,
                    "quoteChar": "\""
                },
                "schema": [
                    {
                        "name": "id",
                        "type": "String"
                    },
                    {
                        "name": "first_name",
                        "type": "String"
                    },
                    {
                        "name": "last_name",
                        "type": "String"
                    },
                    {
                        "name": "email",
                        "type": "String"
                    },
                    {
                        "name": "gender",
                        "type": "String"
                    },
                    {
                        "name": "salary",
                        "type": "String"
                    },
                    {
                        "name": "creationDate",
                        "type": "String"
                    },
                    {
                        "name": "bonus",
                        "type": "String"
                    }
                ]
            },
            "dependsOn": [
                "[concat(variables('factoryId'), '/linkedServices/LS_Adls')]"
            ]
        },
        {
            "name": "[concat(parameters('factoryName'), '/DS_AzureSql')]",
            "type": "Microsoft.DataFactory/factories/datasets",
            "apiVersion": "2018-06-01",
            "properties": {
                "linkedServiceName": {
                    "referenceName": "LS_AzureSql",
                    "type": "LinkedServiceReference"
                },
                "parameters": {
                    "P_name": {
                        "type": "string"
                    }
                },
                "annotations": [],
                "type": "AzureSqlTable",
                "schema": [
                    {
                        "name": "CustomerID",
                        "type": "int",
                        "precision": 10
                    },
                    {
                        "name": "NameStyle",
                        "type": "bit"
                    },
                    {
                        "name": "Title",
                        "type": "nvarchar"
                    },
                    {
                        "name": "FirstName",
                        "type": "nvarchar"
                    },
                    {
                        "name": "MiddleName",
                        "type": "nvarchar"
                    },
                    {
                        "name": "LastName",
                        "type": "nvarchar"
                    },
                    {
                        "name": "Suffix",
                        "type": "nvarchar"
                    },
                    {
                        "name": "CompanyName",
                        "type": "nvarchar"
                    },
                    {
                        "name": "SalesPerson",
                        "type": "nvarchar"
                    },
                    {
                        "name": "EmailAddress",
                        "type": "nvarchar"
                    },
                    {
                        "name": "Phone",
                        "type": "nvarchar"
                    },
                    {
                        "name": "PasswordHash",
                        "type": "varchar"
                    },
                    {
                        "name": "PasswordSalt",
                        "type": "varchar"
                    },
                    {
                        "name": "rowguid",
                        "type": "uniqueidentifier"
                    },
                    {
                        "name": "ModifiedDate",
                        "type": "datetime",
                        "precision": 23,
                        "scale": 3
                    }
                ],
                "typeProperties": {
                    "schema": "SalesLT",
                    "table": {
                        "value": "@dataset().P_name",
                        "type": "Expression"
                    }
                }
            },
            "dependsOn": [
                "[concat(variables('factoryId'), '/linkedServices/LS_AzureSql')]"
            ]
        },
        {
            "name": "[concat(parameters('factoryName'), '/DS_textcsv')]",
            "type": "Microsoft.DataFactory/factories/datasets",
            "apiVersion": "2018-06-01",
            "properties": {
                "linkedServiceName": {
                    "referenceName": "LS_Adls",
                    "type": "LinkedServiceReference"
                },
                "annotations": [],
                "type": "DelimitedText",
                "typeProperties": {
                    "location": {
                        "type": "AzureBlobFSLocation"
                    },
                    "columnDelimiter": ",",
                    "escapeChar": "\\",
                    "firstRowAsHeader": true,
                    "quoteChar": "\""
                },
                "schema": []
            },
            "dependsOn": [
                "[concat(variables('factoryId'), '/linkedServices/LS_Adls')]"
            ]
        },
        {
            "name": "[concat(parameters('factoryName'), '/DS_AzureSql_if')]",
            "type": "Microsoft.DataFactory/factories/datasets",
            "apiVersion": "2018-06-01",
            "properties": {
                "linkedServiceName": {
                    "referenceName": "LS_AzureSql",
                    "type": "LinkedServiceReference"
                },
                "annotations": [],
                "type": "AzureSqlTable",
                "schema": [
                    {
                        "name": "CustomerID",
                        "type": "int",
                        "precision": 10
                    },
                    {
                        "name": "NameStyle",
                        "type": "bit"
                    },
                    {
                        "name": "Title",
                        "type": "nvarchar"
                    },
                    {
                        "name": "FirstName",
                        "type": "nvarchar"
                    },
                    {
                        "name": "MiddleName",
                        "type": "nvarchar"
                    },
                    {
                        "name": "LastName",
                        "type": "nvarchar"
                    },
                    {
                        "name": "Suffix",
                        "type": "nvarchar"
                    },
                    {
                        "name": "CompanyName",
                        "type": "nvarchar"
                    },
                    {
                        "name": "SalesPerson",
                        "type": "nvarchar"
                    },
                    {
                        "name": "EmailAddress",
                        "type": "nvarchar"
                    },
                    {
                        "name": "Phone",
                        "type": "nvarchar"
                    },
                    {
                        "name": "PasswordHash",
                        "type": "varchar"
                    },
                    {
                        "name": "PasswordSalt",
                        "type": "varchar"
                    },
                    {
                        "name": "rowguid",
                        "type": "uniqueidentifier"
                    },
                    {
                        "name": "ModifiedDate",
                        "type": "datetime",
                        "precision": 23,
                        "scale": 3
                    }
                ],
                "typeProperties": {
                    "schema": "SalesLT",
                    "table": "Customer"
                }
            },
            "dependsOn": [
                "[concat(variables('factoryId'), '/linkedServices/LS_AzureSql')]"
            ]
        },
        {
            "name": "[concat(parameters('factoryName'), '/Binary1')]",
            "type": "Microsoft.DataFactory/factories/datasets",
            "apiVersion": "2018-06-01",
            "properties": {
                "linkedServiceName": {
                    "referenceName": "Sftp1",
                    "type": "LinkedServiceReference"
                },
                "annotations": [],
                "type": "Binary",
                "typeProperties": {
                    "location": {
                        "type": "SftpLocation",
                        "fileName": "mime-explorer.png",
                        "folderPath": "/pub/example"
                    }
                }
            },
            "dependsOn": [
                "[concat(variables('factoryId'), '/linkedServices/Sftp1')]"
            ]
        },
        {
            "name": "[concat(parameters('factoryName'), '/Binary2')]",
            "type": "Microsoft.DataFactory/factories/datasets",
            "apiVersion": "2018-06-01",
            "properties": {
                "linkedServiceName": {
                    "referenceName": "LS_Adls",
                    "type": "LinkedServiceReference"
                },
                "annotations": [],
                "type": "Binary",
                "typeProperties": {
                    "location": {
                        "type": "AzureBlobFSLocation",
                        "folderPath": "SFTP",
                        "fileSystem": "destination"
                    }
                }
            },
            "dependsOn": [
                "[concat(variables('factoryId'), '/linkedServices/LS_Adls')]"
            ]
        },
        {
            "name": "[concat(parameters('factoryName'), '/Json1')]",
            "type": "Microsoft.DataFactory/factories/datasets",
            "apiVersion": "2018-06-01",
            "properties": {
                "linkedServiceName": {
                    "referenceName": "LS_RestResource",
                    "type": "LinkedServiceReference"
                },
                "annotations": [],
                "type": "Json",
                "typeProperties": {
                    "location": {
                        "type": "AzureBlobFSLocation",
                        "fileSystem": "destination"
                    }
                },
                "schema": {}
            },
            "dependsOn": [
                "[concat(variables('factoryId'), '/linkedServices/LS_RestResource')]"
            ]
        }
    ]
}