{
    "$schema": "http://schema.management.azure.com/schemas/2015-01-01/deploymentTemplate.json#",
    "contentVersion": "1.0.0.0",
    "parameters": {
        "factoryName": {
            "type": "string",
            "metadata": "Data Factory name",
            "defaultValue": "sharmaadf25"
        },
        "AzureSqlDatabase_key Vault_properties_typeProperties_server": {
            "type": "string",
            "defaultValue": "harshaserver2025.database.windows.net"
        },
        "AzureSqlDatabase_key Vault_properties_typeProperties_database": {
            "type": "string",
            "defaultValue": "harshasha"
        },
        "AzureSqlDatabase_key Vault_properties_typeProperties_userName": {
            "type": "string",
            "defaultValue": "harshasha"
        }
    },
    "variables": {
        "factoryId": "[concat('Microsoft.DataFactory/factories/', parameters('factoryName'))]"
    },
    "resources": [
        {
            "name": "[concat(parameters('factoryName'), '/LS_RestResource')]",
            "type": "Microsoft.DataFactory/factories/datasets",
            "apiVersion": "2018-06-01",
            "properties": {
                "linkedServiceName": {
                    "referenceName": "RestService1",
                    "type": "LinkedServiceReference"
                },
                "annotations": [],
                "type": "RestResource",
                "typeProperties": {},
                "schema": []
            },
            "dependsOn": []
        },
        {
            "name": "[concat(parameters('factoryName'), '/AzureSqlDatabase_key Vault')]",
            "type": "Microsoft.DataFactory/factories/linkedServices",
            "apiVersion": "2018-06-01",
            "properties": {
                "annotations": [],
                "type": "AzureSqlDatabase",
                "typeProperties": {
                    "server": "[parameters('AzureSqlDatabase_key Vault_properties_typeProperties_server')]",
                    "database": "[parameters('AzureSqlDatabase_key Vault_properties_typeProperties_database')]",
                    "encrypt": "mandatory",
                    "trustServerCertificate": false,
                    "authenticationType": "SQL",
                    "userName": "[parameters('AzureSqlDatabase_key Vault_properties_typeProperties_userName')]",
                    "password": {
                        "type": "AzureKeyVaultSecret",
                        "store": {
                            "referenceName": "LS_AzureKeyVault",
                            "type": "LinkedServiceReference"
                        },
                        "secretName": "SQLServerharsha"
                    }
                }
            },
            "dependsOn": []
        },
        {
            "name": "[concat(parameters('factoryName'), '/DS_Initialdate')]",
            "type": "Microsoft.DataFactory/factories/datasets",
            "apiVersion": "2018-06-01",
            "properties": {
                "linkedServiceName": {
                    "referenceName": "LS_Adls",
                    "type": "LinkedServiceReference"
                },
                "annotations": [],
                "type": "DelimitedText",
                "typeProperties": {
                    "location": {
                        "type": "AzureBlobFSLocation",
                        "fileName": "HW.txt",
                        "fileSystem": "source"
                    },
                    "columnDelimiter": ",",
                    "escapeChar": "\\",
                    "firstRowAsHeader": false,
                    "quoteChar": "\""
                },
                "schema": [
                    {
                        "name": "1900-01-01T00:00:00",
                        "type": "String"
                    }
                ]
            },
            "dependsOn": []
        },
        {
            "name": "[concat(parameters('factoryName'), '/DS_IncrementSql')]",
            "type": "Microsoft.DataFactory/factories/datasets",
            "apiVersion": "2018-06-01",
            "properties": {
                "linkedServiceName": {
                    "referenceName": "LS_AzureSql",
                    "type": "LinkedServiceReference"
                },
                "annotations": [],
                "type": "AzureSqlTable",
                "schema": [],
                "typeProperties": {}
            },
            "dependsOn": []
        },
        {
            "name": "[concat(parameters('factoryName'), '/DS_HW')]",
            "type": "Microsoft.DataFactory/factories/datasets",
            "apiVersion": "2018-06-01",
            "properties": {
                "linkedServiceName": {
                    "referenceName": "LS_Adls",
                    "type": "LinkedServiceReference"
                },
                "annotations": [],
                "type": "DelimitedText",
                "typeProperties": {
                    "location": {
                        "type": "AzureBlobFSLocation",
                        "fileName": "HW.txt",
                        "fileSystem": "source"
                    },
                    "columnDelimiter": ",",
                    "escapeChar": "\\",
                    "firstRowAsHeader": true,
                    "quoteChar": "\""
                },
                "schema": [
                    {
                        "name": "1900-01-01T00:00:00",
                        "type": "String"
                    }
                ]
            },
            "dependsOn": []
        },
        {
            "name": "[concat(parameters('factoryName'), '/LS_SqlAdls')]",
            "type": "Microsoft.DataFactory/factories/datasets",
            "apiVersion": "2018-06-01",
            "properties": {
                "linkedServiceName": {
                    "referenceName": "LS_Adls",
                    "type": "LinkedServiceReference"
                },
                "annotations": [],
                "type": "DelimitedText",
                "typeProperties": {
                    "location": {
                        "type": "AzureBlobFSLocation",
                        "fileName": "HW.txt",
                        "fileSystem": "source"
                    },
                    "columnDelimiter": ",",
                    "escapeChar": "\\",
                    "firstRowAsHeader": true,
                    "quoteChar": "\""
                },
                "schema": [
                    {
                        "name": "1900-01-01T00:00:00",
                        "type": "String"
                    }
                ]
            },
            "dependsOn": []
        },
        {
            "name": "[concat(parameters('factoryName'), '/DS_Logicappsink')]",
            "type": "Microsoft.DataFactory/factories/datasets",
            "apiVersion": "2018-06-01",
            "properties": {
                "linkedServiceName": {
                    "referenceName": "LS_Adls",
                    "type": "LinkedServiceReference"
                },
                "annotations": [],
                "type": "DelimitedText",
                "typeProperties": {
                    "location": {
                        "type": "AzureBlobFSLocation",
                        "fileSystem": "destination"
                    },
                    "columnDelimiter": ",",
                    "escapeChar": "\\",
                    "firstRowAsHeader": true,
                    "quoteChar": "\""
                },
                "schema": []
            },
            "dependsOn": []
        },
        {
            "name": "[concat(parameters('factoryName'), '/get meta data activity')]",
            "type": "Microsoft.DataFactory/factories/pipelines",
            "apiVersion": "2018-06-01",
            "properties": {
                "activities": [
                    {
                        "name": "Get Metadata",
                        "type": "GetMetadata",
                        "dependsOn": [],
                        "policy": {
                            "timeout": "0.12:00:00",
                            "retry": 0,
                            "retryIntervalInSeconds": 30,
                            "secureOutput": false,
                            "secureInput": false
                        },
                        "userProperties": [],
                        "typeProperties": {
                            "dataset": {
                                "referenceName": "DS_getdata",
                                "type": "DatasetReference",
                                "parameters": {}
                            },
                            "fieldList": [
                                "childItems"
                            ],
                            "storeSettings": {
                                "type": "AzureBlobFSReadSettings",
                                "recursive": true,
                                "enablePartitionDiscovery": false
                            },
                            "formatSettings": {
                                "type": "DelimitedTextReadSettings"
                            }
                        }
                    },
                    {
                        "name": "ForEach",
                        "type": "ForEach",
                        "dependsOn": [
                            {
                                "activity": "Get Metadata",
                                "dependencyConditions": [
                                    "Succeeded"
                                ]
                            }
                        ],
                        "userProperties": [],
                        "typeProperties": {
                            "items": {
                                "value": "@activity('Get Metadata').output.childItems",
                                "type": "Expression"
                            },
                            "isSequential": true,
                            "activities": [
                                {
                                    "name": "If Condition",
                                    "type": "IfCondition",
                                    "dependsOn": [],
                                    "userProperties": [],
                                    "typeProperties": {
                                        "expression": {
                                            "value": "@startswith(item().name, 'Order')",
                                            "type": "Expression"
                                        },
                                        "ifTrueActivities": [
                                            {
                                                "name": "Copy data",
                                                "type": "Copy",
                                                "dependsOn": [],
                                                "policy": {
                                                    "timeout": "0.12:00:00",
                                                    "retry": 0,
                                                    "retryIntervalInSeconds": 30,
                                                    "secureOutput": false,
                                                    "secureInput": false
                                                },
                                                "userProperties": [],
                                                "typeProperties": {
                                                    "source": {
                                                        "type": "DelimitedTextSource",
                                                        "storeSettings": {
                                                            "type": "AzureBlobFSReadSettings",
                                                            "recursive": true,
                                                            "enablePartitionDiscovery": false
                                                        },
                                                        "formatSettings": {
                                                            "type": "DelimitedTextReadSettings"
                                                        }
                                                    },
                                                    "sink": {
                                                        "type": "DelimitedTextSink",
                                                        "storeSettings": {
                                                            "type": "AzureBlobFSWriteSettings"
                                                        },
                                                        "formatSettings": {
                                                            "type": "DelimitedTextWriteSettings",
                                                            "quoteAllText": true,
                                                            "fileExtension": ".txt"
                                                        }
                                                    },
                                                    "enableStaging": false,
                                                    "translator": {
                                                        "type": "TabularTranslator",
                                                        "typeConversion": true,
                                                        "typeConversionSettings": {
                                                            "allowDataTruncation": true,
                                                            "treatBooleanAsNumber": false
                                                        }
                                                    }
                                                },
                                                "inputs": [
                                                    {
                                                        "referenceName": "DS_getdatacopy",
                                                        "type": "DatasetReference",
                                                        "parameters": {
                                                            "P_name": {
                                                                "value": "@item().name",
                                                                "type": "Expression"
                                                            }
                                                        }
                                                    }
                                                ],
                                                "outputs": [
                                                    {
                                                        "referenceName": "DS_Sink",
                                                        "type": "DatasetReference",
                                                        "parameters": {}
                                                    }
                                                ]
                                            }
                                        ]
                                    }
                                }
                            ]
                        }
                    }
                ],
                "policy": {
                    "elapsedTimeMetric": {}
                },
                "variables": {
                    "Get_array": {
                        "type": "Array"
                    }
                },
                "annotations": [],
                "lastPublishTime": "2025-01-07T18:07:58Z"
            },
            "dependsOn": []
        },
        {
            "name": "[concat(parameters('factoryName'), '/Store variable')]",
            "type": "Microsoft.DataFactory/factories/pipelines",
            "apiVersion": "2018-06-01",
            "properties": {
                "activities": [
                    {
                        "name": "Set variable1",
                        "type": "SetVariable",
                        "dependsOn": [
                            {
                                "activity": "Get Metadata1",
                                "dependencyConditions": [
                                    "Succeeded"
                                ]
                            }
                        ],
                        "policy": {
                            "secureOutput": false,
                            "secureInput": false
                        },
                        "userProperties": [],
                        "typeProperties": {
                            "variableName": "Get_array",
                            "value": {
                                "value": "@activity('Get Metadata1').output.childItems",
                                "type": "Expression"
                            }
                        }
                    },
                    {
                        "name": "Get Metadata1",
                        "type": "GetMetadata",
                        "dependsOn": [],
                        "policy": {
                            "timeout": "0.12:00:00",
                            "retry": 0,
                            "retryIntervalInSeconds": 30,
                            "secureOutput": false,
                            "secureInput": false
                        },
                        "userProperties": [],
                        "typeProperties": {
                            "dataset": {
                                "referenceName": "DS_delcopy",
                                "type": "DatasetReference",
                                "parameters": {}
                            },
                            "fieldList": [
                                "itemName"
                            ],
                            "storeSettings": {
                                "type": "AzureBlobFSReadSettings",
                                "recursive": true,
                                "enablePartitionDiscovery": false
                            },
                            "formatSettings": {
                                "type": "DelimitedTextReadSettings"
                            }
                        }
                    }
                ],
                "policy": {
                    "elapsedTimeMetric": {}
                },
                "variables": {
                    "Get_array": {
                        "type": "Array"
                    }
                },
                "annotations": [],
                "lastPublishTime": "2025-01-07T12:43:37Z"
            },
            "dependsOn": []
        },
        {
            "name": "[concat(parameters('factoryName'), '/Delete Activity')]",
            "type": "Microsoft.DataFactory/factories/pipelines",
            "apiVersion": "2018-06-01",
            "properties": {
                "activities": [
                    {
                        "name": "Copy data",
                        "type": "Copy",
                        "dependsOn": [],
                        "policy": {
                            "timeout": "0.12:00:00",
                            "retry": 0,
                            "retryIntervalInSeconds": 30,
                            "secureOutput": false,
                            "secureInput": false
                        },
                        "userProperties": [],
                        "typeProperties": {
                            "source": {
                                "type": "DelimitedTextSource",
                                "storeSettings": {
                                    "type": "AzureBlobFSReadSettings",
                                    "recursive": true,
                                    "enablePartitionDiscovery": false
                                },
                                "formatSettings": {
                                    "type": "DelimitedTextReadSettings"
                                }
                            },
                            "sink": {
                                "type": "DelimitedTextSink",
                                "storeSettings": {
                                    "type": "AzureBlobFSWriteSettings"
                                },
                                "formatSettings": {
                                    "type": "DelimitedTextWriteSettings",
                                    "quoteAllText": true,
                                    "fileExtension": ".txt"
                                }
                            },
                            "enableStaging": false,
                            "translator": {
                                "type": "TabularTranslator",
                                "typeConversion": true,
                                "typeConversionSettings": {
                                    "allowDataTruncation": true,
                                    "treatBooleanAsNumber": false
                                }
                            }
                        },
                        "inputs": [
                            {
                                "referenceName": "DS_delcopy",
                                "type": "DatasetReference",
                                "parameters": {}
                            }
                        ],
                        "outputs": [
                            {
                                "referenceName": "DS_delcopy",
                                "type": "DatasetReference",
                                "parameters": {}
                            }
                        ]
                    },
                    {
                        "name": "Delete1",
                        "type": "Delete",
                        "dependsOn": [
                            {
                                "activity": "Copy data",
                                "dependencyConditions": [
                                    "Succeeded"
                                ]
                            }
                        ],
                        "policy": {
                            "timeout": "0.12:00:00",
                            "retry": 0,
                            "retryIntervalInSeconds": 30,
                            "secureOutput": false,
                            "secureInput": false
                        },
                        "userProperties": [],
                        "typeProperties": {
                            "dataset": {
                                "referenceName": "DS_delcopy",
                                "type": "DatasetReference",
                                "parameters": {}
                            },
                            "enableLogging": false,
                            "storeSettings": {
                                "type": "AzureBlobFSReadSettings",
                                "recursive": true,
                                "enablePartitionDiscovery": false
                            }
                        }
                    }
                ],
                "policy": {
                    "elapsedTimeMetric": {}
                },
                "annotations": [],
                "lastPublishTime": "2025-01-07T12:43:37Z"
            },
            "dependsOn": []
        },
        {
            "name": "[concat(parameters('factoryName'), '/Auto Delete Activity')]",
            "type": "Microsoft.DataFactory/factories/pipelines",
            "apiVersion": "2018-06-01",
            "properties": {
                "activities": [
                    {
                        "name": "Get Metadata",
                        "type": "GetMetadata",
                        "dependsOn": [],
                        "policy": {
                            "timeout": "0.12:00:00",
                            "retry": 0,
                            "retryIntervalInSeconds": 30,
                            "secureOutput": false,
                            "secureInput": false
                        },
                        "userProperties": [],
                        "typeProperties": {
                            "dataset": {
                                "referenceName": "DS_getdata",
                                "type": "DatasetReference",
                                "parameters": {}
                            },
                            "fieldList": [
                                "childItems"
                            ],
                            "storeSettings": {
                                "type": "AzureBlobFSReadSettings",
                                "recursive": true,
                                "enablePartitionDiscovery": false
                            },
                            "formatSettings": {
                                "type": "DelimitedTextReadSettings"
                            }
                        }
                    },
                    {
                        "name": "ForEach",
                        "type": "ForEach",
                        "dependsOn": [
                            {
                                "activity": "Get Metadata",
                                "dependencyConditions": [
                                    "Succeeded"
                                ]
                            }
                        ],
                        "userProperties": [],
                        "typeProperties": {
                            "items": {
                                "value": "@activity('Get Metadata').output.childItems",
                                "type": "Expression"
                            },
                            "isSequential": true,
                            "activities": [
                                {
                                    "name": "Copy data",
                                    "type": "Copy",
                                    "dependsOn": [],
                                    "policy": {
                                        "timeout": "0.12:00:00",
                                        "retry": 0,
                                        "retryIntervalInSeconds": 30,
                                        "secureOutput": false,
                                        "secureInput": false
                                    },
                                    "userProperties": [],
                                    "typeProperties": {
                                        "source": {
                                            "type": "DelimitedTextSource",
                                            "storeSettings": {
                                                "type": "AzureBlobFSReadSettings",
                                                "recursive": true,
                                                "enablePartitionDiscovery": false
                                            },
                                            "formatSettings": {
                                                "type": "DelimitedTextReadSettings"
                                            }
                                        },
                                        "sink": {
                                            "type": "DelimitedTextSink",
                                            "storeSettings": {
                                                "type": "AzureBlobFSWriteSettings"
                                            },
                                            "formatSettings": {
                                                "type": "DelimitedTextWriteSettings",
                                                "quoteAllText": true,
                                                "fileExtension": ".txt"
                                            }
                                        },
                                        "enableStaging": false,
                                        "translator": {
                                            "type": "TabularTranslator",
                                            "typeConversion": true,
                                            "typeConversionSettings": {
                                                "allowDataTruncation": true,
                                                "treatBooleanAsNumber": false
                                            }
                                        }
                                    },
                                    "inputs": [
                                        {
                                            "referenceName": "DS_copy",
                                            "type": "DatasetReference",
                                            "parameters": {
                                                "P_name": {
                                                    "value": "@item().name",
                                                    "type": "Expression"
                                                }
                                            }
                                        }
                                    ],
                                    "outputs": [
                                        {
                                            "referenceName": "Ds_sinkcsv",
                                            "type": "DatasetReference",
                                            "parameters": {
                                                "p_name": {
                                                    "value": "@item().name",
                                                    "type": "Expression"
                                                }
                                            }
                                        }
                                    ]
                                },
                                {
                                    "name": "Delete",
                                    "type": "Delete",
                                    "dependsOn": [
                                        {
                                            "activity": "Copy data",
                                            "dependencyConditions": [
                                                "Succeeded"
                                            ]
                                        }
                                    ],
                                    "policy": {
                                        "timeout": "0.12:00:00",
                                        "retry": 0,
                                        "retryIntervalInSeconds": 30,
                                        "secureOutput": false,
                                        "secureInput": false
                                    },
                                    "userProperties": [],
                                    "typeProperties": {
                                        "dataset": {
                                            "referenceName": "DS_copy",
                                            "type": "DatasetReference",
                                            "parameters": {
                                                "P_name": {
                                                    "value": "@item().name",
                                                    "type": "Expression"
                                                }
                                            }
                                        },
                                        "enableLogging": false,
                                        "storeSettings": {
                                            "type": "AzureBlobFSReadSettings",
                                            "recursive": true,
                                            "enablePartitionDiscovery": false
                                        }
                                    }
                                }
                            ]
                        }
                    }
                ],
                "policy": {
                    "elapsedTimeMetric": {}
                },
                "annotations": [],
                "lastPublishTime": "2025-01-07T12:43:37Z"
            },
            "dependsOn": []
        },
        {
            "name": "[concat(parameters('factoryName'), '/Lookup Activity')]",
            "type": "Microsoft.DataFactory/factories/pipelines",
            "apiVersion": "2018-06-01",
            "properties": {
                "activities": [
                    {
                        "name": "Lookup1",
                        "type": "Lookup",
                        "dependsOn": [],
                        "policy": {
                            "timeout": "0.12:00:00",
                            "retry": 0,
                            "retryIntervalInSeconds": 30,
                            "secureOutput": false,
                            "secureInput": false
                        },
                        "userProperties": [],
                        "typeProperties": {
                            "source": {
                                "type": "DelimitedTextSource",
                                "storeSettings": {
                                    "type": "AzureBlobFSReadSettings",
                                    "recursive": true,
                                    "enablePartitionDiscovery": false
                                },
                                "formatSettings": {
                                    "type": "DelimitedTextReadSettings"
                                }
                            },
                            "dataset": {
                                "referenceName": "DS_lookup",
                                "type": "DatasetReference",
                                "parameters": {}
                            },
                            "firstRowOnly": false
                        }
                    },
                    {
                        "name": "ForEach1",
                        "type": "ForEach",
                        "dependsOn": [
                            {
                                "activity": "Lookup1",
                                "dependencyConditions": [
                                    "Succeeded"
                                ]
                            }
                        ],
                        "userProperties": [],
                        "typeProperties": {
                            "items": {
                                "value": "@activity('Lookup1').output.value",
                                "type": "Expression"
                            },
                            "isSequential": true,
                            "activities": [
                                {
                                    "name": "Copy data",
                                    "type": "Copy",
                                    "dependsOn": [],
                                    "policy": {
                                        "timeout": "0.12:00:00",
                                        "retry": 0,
                                        "retryIntervalInSeconds": 30,
                                        "secureOutput": false,
                                        "secureInput": false
                                    },
                                    "userProperties": [],
                                    "typeProperties": {
                                        "source": {
                                            "type": "AzureSqlSource",
                                            "queryTimeout": "02:00:00",
                                            "partitionOption": "None"
                                        },
                                        "sink": {
                                            "type": "DelimitedTextSink",
                                            "storeSettings": {
                                                "type": "AzureBlobFSWriteSettings"
                                            },
                                            "formatSettings": {
                                                "type": "DelimitedTextWriteSettings",
                                                "quoteAllText": true,
                                                "fileExtension": ".txt"
                                            }
                                        },
                                        "enableStaging": false,
                                        "translator": {
                                            "type": "TabularTranslator",
                                            "typeConversion": true,
                                            "typeConversionSettings": {
                                                "allowDataTruncation": true,
                                                "treatBooleanAsNumber": false
                                            }
                                        }
                                    },
                                    "inputs": [
                                        {
                                            "referenceName": "DS_AzureSql",
                                            "type": "DatasetReference",
                                            "parameters": {
                                                "P_name": {
                                                    "value": "@item().Prop_0",
                                                    "type": "Expression"
                                                }
                                            }
                                        }
                                    ],
                                    "outputs": [
                                        {
                                            "referenceName": "DS_ADLsSink",
                                            "type": "DatasetReference",
                                            "parameters": {
                                                "P_name": {
                                                    "value": "@item().Prop_0",
                                                    "type": "Expression"
                                                }
                                            }
                                        }
                                    ]
                                }
                            ]
                        }
                    }
                ],
                "policy": {
                    "elapsedTimeMetric": {}
                },
                "annotations": [],
                "lastPublishTime": "2025-01-07T17:12:21Z"
            },
            "dependsOn": []
        },
        {
            "name": "[concat(parameters('factoryName'), '/Array activity')]",
            "type": "Microsoft.DataFactory/factories/pipelines",
            "apiVersion": "2018-06-01",
            "properties": {
                "activities": [
                    {
                        "name": "ForEach1",
                        "type": "ForEach",
                        "dependsOn": [],
                        "userProperties": [],
                        "typeProperties": {
                            "items": {
                                "value": "@createArray('Customer', 'Product', 'Address')\r\n",
                                "type": "Expression"
                            },
                            "isSequential": true,
                            "activities": [
                                {
                                    "name": "Copy data",
                                    "type": "Copy",
                                    "dependsOn": [],
                                    "policy": {
                                        "timeout": "0.12:00:00",
                                        "retry": 0,
                                        "retryIntervalInSeconds": 30,
                                        "secureOutput": false,
                                        "secureInput": false
                                    },
                                    "userProperties": [],
                                    "typeProperties": {
                                        "source": {
                                            "type": "AzureSqlSource",
                                            "queryTimeout": "02:00:00",
                                            "partitionOption": "None"
                                        },
                                        "sink": {
                                            "type": "DelimitedTextSink",
                                            "storeSettings": {
                                                "type": "AzureBlobFSWriteSettings"
                                            },
                                            "formatSettings": {
                                                "type": "DelimitedTextWriteSettings",
                                                "quoteAllText": true,
                                                "fileExtension": ".txt"
                                            }
                                        },
                                        "enableStaging": false,
                                        "translator": {
                                            "type": "TabularTranslator",
                                            "typeConversion": true,
                                            "typeConversionSettings": {
                                                "allowDataTruncation": true,
                                                "treatBooleanAsNumber": false
                                            }
                                        }
                                    },
                                    "inputs": [
                                        {
                                            "referenceName": "DS_AzureSql",
                                            "type": "DatasetReference",
                                            "parameters": {
                                                "P_name": {
                                                    "value": "@item()",
                                                    "type": "Expression"
                                                }
                                            }
                                        }
                                    ],
                                    "outputs": [
                                        {
                                            "referenceName": "DS_ADLsSink",
                                            "type": "DatasetReference",
                                            "parameters": {
                                                "P_name": {
                                                    "value": "@item()",
                                                    "type": "Expression"
                                                }
                                            }
                                        }
                                    ]
                                }
                            ]
                        }
                    }
                ],
                "policy": {
                    "elapsedTimeMetric": {}
                },
                "annotations": [],
                "lastPublishTime": "2025-01-07T17:12:21Z"
            },
            "dependsOn": []
        },
        {
            "name": "[concat(parameters('factoryName'), '/If condition Activity')]",
            "type": "Microsoft.DataFactory/factories/pipelines",
            "apiVersion": "2018-06-01",
            "properties": {
                "activities": [
                    {
                        "name": "If Condition",
                        "type": "IfCondition",
                        "dependsOn": [
                            {
                                "activity": "Lookup1",
                                "dependencyConditions": [
                                    "Succeeded"
                                ]
                            }
                        ],
                        "userProperties": [],
                        "typeProperties": {
                            "expression": {
                                "value": "@greaterOrEquals(activity('Lookup1').output.firstRow.count, 500)",
                                "type": "Expression"
                            },
                            "ifTrueActivities": [
                                {
                                    "name": "Copy data1",
                                    "type": "Copy",
                                    "dependsOn": [],
                                    "policy": {
                                        "timeout": "0.12:00:00",
                                        "retry": 0,
                                        "retryIntervalInSeconds": 30,
                                        "secureOutput": false,
                                        "secureInput": false
                                    },
                                    "userProperties": [],
                                    "typeProperties": {
                                        "source": {
                                            "type": "AzureSqlSource",
                                            "queryTimeout": "02:00:00",
                                            "partitionOption": "None"
                                        },
                                        "sink": {
                                            "type": "DelimitedTextSink",
                                            "storeSettings": {
                                                "type": "AzureBlobFSWriteSettings"
                                            },
                                            "formatSettings": {
                                                "type": "DelimitedTextWriteSettings",
                                                "quoteAllText": true,
                                                "fileExtension": ".txt"
                                            }
                                        },
                                        "enableStaging": false,
                                        "translator": {
                                            "type": "TabularTranslator",
                                            "typeConversion": true,
                                            "typeConversionSettings": {
                                                "allowDataTruncation": true,
                                                "treatBooleanAsNumber": false
                                            }
                                        }
                                    },
                                    "inputs": [
                                        {
                                            "referenceName": "DS_AzureSql_if",
                                            "type": "DatasetReference",
                                            "parameters": {}
                                        }
                                    ],
                                    "outputs": [
                                        {
                                            "referenceName": "DS_Sink",
                                            "type": "DatasetReference",
                                            "parameters": {}
                                        }
                                    ]
                                }
                            ]
                        }
                    },
                    {
                        "name": "Lookup1",
                        "type": "Lookup",
                        "dependsOn": [],
                        "policy": {
                            "timeout": "0.12:00:00",
                            "retry": 0,
                            "retryIntervalInSeconds": 30,
                            "secureOutput": false,
                            "secureInput": false
                        },
                        "userProperties": [],
                        "typeProperties": {
                            "source": {
                                "type": "AzureSqlSource",
                                "sqlReaderQuery": "select count(*) as count from saleslt.customer",
                                "queryTimeout": "02:00:00",
                                "partitionOption": "None"
                            },
                            "dataset": {
                                "referenceName": "DS_AzureSql_if",
                                "type": "DatasetReference",
                                "parameters": {}
                            }
                        }
                    }
                ],
                "policy": {
                    "elapsedTimeMetric": {}
                },
                "annotations": [],
                "lastPublishTime": "2025-01-07T18:07:58Z"
            },
            "dependsOn": []
        },
        {
            "name": "[concat(parameters('factoryName'), '/SFTP Server')]",
            "type": "Microsoft.DataFactory/factories/pipelines",
            "apiVersion": "2018-06-01",
            "properties": {
                "activities": [
                    {
                        "name": "Copy data",
                        "type": "Copy",
                        "dependsOn": [],
                        "policy": {
                            "timeout": "0.12:00:00",
                            "retry": 0,
                            "retryIntervalInSeconds": 30,
                            "secureOutput": false,
                            "secureInput": false
                        },
                        "userProperties": [],
                        "typeProperties": {
                            "source": {
                                "type": "BinarySource",
                                "storeSettings": {
                                    "type": "SftpReadSettings",
                                    "recursive": true,
                                    "disableChunking": false
                                },
                                "formatSettings": {
                                    "type": "BinaryReadSettings"
                                }
                            },
                            "sink": {
                                "type": "BinarySink",
                                "storeSettings": {
                                    "type": "AzureBlobFSWriteSettings"
                                }
                            },
                            "enableStaging": false
                        },
                        "inputs": [
                            {
                                "referenceName": "Binary1",
                                "type": "DatasetReference",
                                "parameters": {}
                            }
                        ],
                        "outputs": [
                            {
                                "referenceName": "Binary2",
                                "type": "DatasetReference",
                                "parameters": {}
                            }
                        ]
                    }
                ],
                "policy": {
                    "elapsedTimeMetric": {}
                },
                "annotations": [],
                "lastPublishTime": "2025-01-07T19:39:59Z"
            },
            "dependsOn": []
        },
        {
            "name": "[concat(parameters('factoryName'), '/Rest API')]",
            "type": "Microsoft.DataFactory/factories/pipelines",
            "apiVersion": "2018-06-01",
            "properties": {
                "activities": [
                    {
                        "name": "Copy data1",
                        "type": "Copy",
                        "dependsOn": [],
                        "policy": {
                            "timeout": "0.12:00:00",
                            "retry": 0,
                            "retryIntervalInSeconds": 30,
                            "secureOutput": false,
                            "secureInput": false
                        },
                        "userProperties": [],
                        "typeProperties": {
                            "source": {
                                "type": "RestSource",
                                "httpRequestTimeout": "00:01:40",
                                "requestInterval": "00.00:00:00.010",
                                "requestMethod": "GET"
                            },
                            "sink": {
                                "type": "JsonSink",
                                "storeSettings": {
                                    "type": "AzureBlobFSWriteSettings"
                                },
                                "formatSettings": {
                                    "type": "JsonWriteSettings"
                                }
                            },
                            "enableStaging": false
                        },
                        "inputs": [
                            {
                                "referenceName": "LS_RestResource",
                                "type": "DatasetReference",
                                "parameters": {}
                            }
                        ],
                        "outputs": [
                            {
                                "referenceName": "Json1",
                                "type": "DatasetReference",
                                "parameters": {}
                            }
                        ]
                    }
                ],
                "policy": {
                    "elapsedTimeMetric": {}
                },
                "annotations": [],
                "lastPublishTime": "2025-01-07T19:55:02Z"
            },
            "dependsOn": [
                "[concat(variables('factoryId'), '/datasets/LS_RestResource')]"
            ]
        },
        {
            "name": "[concat(parameters('factoryName'), '/Incremental pipeline')]",
            "type": "Microsoft.DataFactory/factories/pipelines",
            "apiVersion": "2018-06-01",
            "properties": {
                "activities": [
                    {
                        "name": "Get HW Date",
                        "type": "Lookup",
                        "dependsOn": [],
                        "policy": {
                            "timeout": "0.12:00:00",
                            "retry": 0,
                            "retryIntervalInSeconds": 30,
                            "secureOutput": false,
                            "secureInput": false
                        },
                        "userProperties": [],
                        "typeProperties": {
                            "source": {
                                "type": "DelimitedTextSource",
                                "storeSettings": {
                                    "type": "AzureBlobFSReadSettings",
                                    "recursive": true,
                                    "enablePartitionDiscovery": false
                                },
                                "formatSettings": {
                                    "type": "DelimitedTextReadSettings"
                                }
                            },
                            "dataset": {
                                "referenceName": "DS_Initialdate",
                                "type": "DatasetReference",
                                "parameters": {}
                            }
                        }
                    },
                    {
                        "name": "Get max date",
                        "type": "Lookup",
                        "dependsOn": [
                            {
                                "activity": "Get HW Date",
                                "dependencyConditions": [
                                    "Succeeded"
                                ]
                            }
                        ],
                        "policy": {
                            "timeout": "0.12:00:00",
                            "retry": 0,
                            "retryIntervalInSeconds": 30,
                            "secureOutput": false,
                            "secureInput": false
                        },
                        "userProperties": [],
                        "typeProperties": {
                            "source": {
                                "type": "AzureSqlSource",
                                "sqlReaderQuery": "select max(ModifiedDate) lastmodifieddate from saleslt.customer",
                                "queryTimeout": "02:00:00",
                                "partitionOption": "None"
                            },
                            "dataset": {
                                "referenceName": "DS_IncrementSql",
                                "type": "DatasetReference",
                                "parameters": {}
                            }
                        }
                    },
                    {
                        "name": "Difference",
                        "type": "Copy",
                        "dependsOn": [
                            {
                                "activity": "Get max date",
                                "dependencyConditions": [
                                    "Succeeded"
                                ]
                            }
                        ],
                        "policy": {
                            "timeout": "0.12:00:00",
                            "retry": 0,
                            "retryIntervalInSeconds": 30,
                            "secureOutput": false,
                            "secureInput": false
                        },
                        "userProperties": [],
                        "typeProperties": {
                            "source": {
                                "type": "AzureSqlSource",
                                "sqlReaderQuery": {
                                    "value": "select * from saleslt.customer where ModifiedDate > '@{activity('Get HW Date').output.firstRow.Prop_0}' and ModifiedDate <= '@{activity('Get max date').output.firstRow.lastmodifieddate}'",
                                    "type": "Expression"
                                },
                                "queryTimeout": "02:00:00",
                                "partitionOption": "None"
                            },
                            "sink": {
                                "type": "DelimitedTextSink",
                                "storeSettings": {
                                    "type": "AzureBlobFSWriteSettings"
                                },
                                "formatSettings": {
                                    "type": "DelimitedTextWriteSettings",
                                    "quoteAllText": true,
                                    "fileExtension": ".txt"
                                }
                            },
                            "enableStaging": false,
                            "translator": {
                                "type": "TabularTranslator",
                                "typeConversion": true,
                                "typeConversionSettings": {
                                    "allowDataTruncation": true,
                                    "treatBooleanAsNumber": false
                                }
                            }
                        },
                        "inputs": [
                            {
                                "referenceName": "DS_IncrementSql",
                                "type": "DatasetReference",
                                "parameters": {}
                            }
                        ],
                        "outputs": [
                            {
                                "referenceName": "DS_Sink",
                                "type": "DatasetReference",
                                "parameters": {}
                            }
                        ]
                    },
                    {
                        "name": "updateHW date",
                        "type": "Copy",
                        "dependsOn": [
                            {
                                "activity": "Difference",
                                "dependencyConditions": [
                                    "Succeeded"
                                ]
                            }
                        ],
                        "policy": {
                            "timeout": "0.12:00:00",
                            "retry": 0,
                            "retryIntervalInSeconds": 30,
                            "secureOutput": false,
                            "secureInput": false
                        },
                        "userProperties": [],
                        "typeProperties": {
                            "source": {
                                "type": "AzureSqlSource",
                                "sqlReaderQuery": {
                                    "value": "select '@{activity('Get HW Date').output.firstRow.Prop_0}'",
                                    "type": "Expression"
                                },
                                "queryTimeout": "02:00:00",
                                "partitionOption": "None"
                            },
                            "sink": {
                                "type": "DelimitedTextSink",
                                "storeSettings": {
                                    "type": "AzureBlobFSWriteSettings"
                                },
                                "formatSettings": {
                                    "type": "DelimitedTextWriteSettings",
                                    "quoteAllText": true,
                                    "fileExtension": ".txt"
                                }
                            },
                            "enableStaging": false,
                            "translator": {
                                "type": "TabularTranslator",
                                "typeConversion": true,
                                "typeConversionSettings": {
                                    "allowDataTruncation": true,
                                    "treatBooleanAsNumber": false
                                }
                            }
                        },
                        "inputs": [
                            {
                                "referenceName": "DS_IncrementSql",
                                "type": "DatasetReference",
                                "parameters": {}
                            }
                        ],
                        "outputs": [
                            {
                                "referenceName": "LS_SqlAdls",
                                "type": "DatasetReference",
                                "parameters": {}
                            }
                        ]
                    }
                ],
                "policy": {
                    "elapsedTimeMetric": {}
                },
                "annotations": []
            },
            "dependsOn": [
                "[concat(variables('factoryId'), '/datasets/DS_Initialdate')]",
                "[concat(variables('factoryId'), '/datasets/DS_IncrementSql')]",
                "[concat(variables('factoryId'), '/datasets/LS_SqlAdls')]"
            ]
        },
        {
            "name": "[concat(parameters('factoryName'), '/Logic app checking')]",
            "type": "Microsoft.DataFactory/factories/pipelines",
            "apiVersion": "2018-06-01",
            "properties": {
                "activities": [
                    {
                        "name": "Copy data",
                        "type": "Copy",
                        "dependsOn": [],
                        "policy": {
                            "timeout": "0.12:00:00",
                            "retry": 0,
                            "retryIntervalInSeconds": 30,
                            "secureOutput": false,
                            "secureInput": false
                        },
                        "userProperties": [],
                        "typeProperties": {
                            "source": {
                                "type": "DelimitedTextSource",
                                "storeSettings": {
                                    "type": "AzureBlobFSReadSettings",
                                    "recursive": true,
                                    "enablePartitionDiscovery": false
                                },
                                "formatSettings": {
                                    "type": "DelimitedTextReadSettings"
                                }
                            },
                            "sink": {
                                "type": "DelimitedTextSink",
                                "storeSettings": {
                                    "type": "AzureBlobFSWriteSettings"
                                },
                                "formatSettings": {
                                    "type": "DelimitedTextWriteSettings",
                                    "quoteAllText": true,
                                    "fileExtension": ".txt"
                                }
                            },
                            "enableStaging": false,
                            "translator": {
                                "type": "TabularTranslator",
                                "typeConversion": true,
                                "typeConversionSettings": {
                                    "allowDataTruncation": true,
                                    "treatBooleanAsNumber": false
                                }
                            }
                        },
                        "inputs": [
                            {
                                "referenceName": "DS_delcopy",
                                "type": "DatasetReference",
                                "parameters": {}
                            }
                        ],
                        "outputs": [
                            {
                                "referenceName": "DS_Logicappsink",
                                "type": "DatasetReference",
                                "parameters": {}
                            }
                        ]
                    },
                    {
                        "name": "Web1",
                        "type": "WebActivity",
                        "dependsOn": [
                            {
                                "activity": "Copy data",
                                "dependencyConditions": [
                                    "Succeeded"
                                ]
                            }
                        ],
                        "policy": {
                            "timeout": "0.12:00:00",
                            "retry": 0,
                            "retryIntervalInSeconds": 30,
                            "secureOutput": false,
                            "secureInput": false
                        },
                        "userProperties": [],
                        "typeProperties": {
                            "method": "GET",
                            "headers": {},
                            "url": "https://prod-22.northcentralus.logic.azure.com:443/workflows/93240b1d803a4942ae4aae71c87e4481/triggers/When_a_HTTP_request_is_received/paths/invoke?api-version=2016-10-01&sp=%2Ftriggers%2FWhen_a_HTTP_request_is_received%2Frun&sv=1.0&sig=usVPL7MBOM-BQ-Uyb67sKPy3uUnLvl1uCbvbUueURI8"
                        }
                    }
                ],
                "policy": {
                    "elapsedTimeMetric": {}
                },
                "annotations": []
            },
            "dependsOn": [
                "[concat(variables('factoryId'), '/datasets/DS_Logicappsink')]"
            ]
        },
        {
            "name": "[concat(parameters('factoryName'), '/Execute Pipeline')]",
            "type": "Microsoft.DataFactory/factories/pipelines",
            "apiVersion": "2018-06-01",
            "properties": {
                "activities": [
                    {
                        "name": "For Loop 1",
                        "type": "ExecutePipeline",
                        "dependsOn": [],
                        "policy": {
                            "secureInput": false
                        },
                        "userProperties": [],
                        "typeProperties": {
                            "pipeline": {
                                "referenceName": "get meta data activity",
                                "type": "PipelineReference"
                            },
                            "waitOnCompletion": true,
                            "parameters": {}
                        }
                    },
                    {
                        "name": "Get meta data",
                        "type": "ExecutePipeline",
                        "dependsOn": [
                            {
                                "activity": "For Loop 1",
                                "dependencyConditions": [
                                    "Succeeded"
                                ]
                            }
                        ],
                        "policy": {
                            "secureInput": false
                        },
                        "userProperties": [],
                        "typeProperties": {
                            "pipeline": {
                                "referenceName": "get meta data activity",
                                "type": "PipelineReference"
                            },
                            "waitOnCompletion": true,
                            "parameters": {}
                        }
                    }
                ],
                "policy": {
                    "elapsedTimeMetric": {}
                },
                "annotations": [],
                "lastPublishTime": "2025-01-07T18:07:59Z"
            },
            "dependsOn": [
                "[concat(variables('factoryId'), '/pipelines/get meta data activity')]"
            ]
        }
    ]
}